URL,タイトル,詐欺種別,名称等,所在地,代表者,電話番号,E-mail,被害内容
https://www.wise-agent.com/%e5%90%89%e6%9d%91%e5%9c%ad%e6%82%9f%e3%81%aefintech%e8%a2%ab%e5%ae%b3%e8%80%85%e6%95%91%e6%b8%88%e3%81%ae%e4%bb%b6/,吉村圭悟のFINTECH被害者救済の件,情報商材,吉村圭悟の仮想通貨革命THE・FINTECH2018,大阪府大阪市天王寺区味原町16-14,吉村圭悟（上原哲郎）,03-4590-6670,mail@the-fintech2018.com,"■販売会社HOLD MY HAND合同会社大阪府大阪市天王寺区味原町16-14
■商品の性質FINTECH2018という商品は，仮想通貨の取引を業者がシステムトレードにより代行するという内容ですが，このような事業を営む場合は資金決済法に基づく許認可等を受ける必要がありますが，吉村圭悟は無登録でこれらの事業を営んで消費者被害をもたらしています。
■詐欺商法の事実吉村圭悟は，その販売用ウェブサイトにおいて，「毎日最低７万円の現金とビットコインを参加者全員にプレゼントする。」という内容の広告を表示させ，現金等を贈与する公約を掲げていますが，実際にビットコインと現金７万円が贈与された事実は確認できません。一連の行為は詐欺罪の構成要件に該当します。
 
手口があの『ジパング』に似ています。被害に遭われた方は当法人までご相談ください。
"
https://www.wise-agent.com/%e6%a0%aa%e5%bc%8f%e4%bc%9a%e7%a4%be%e3%82%a4%e3%83%b3%e3%83%95%e3%82%a3%e3%83%8b%e3%83%86%e3%82%a3/,株式会社インフィニティ,融資金詐欺,ロトビルド（LOTO Build）,〒123-4567 東京都中央区銀座7-13-6,佐藤一郎,03-4431-1449,info@loto6-build.com,"ロト６の当選番号を教えると言って，供託金，または保証金名目で現金を詐取する。
"
https://www.wise-agent.com/%e8%8f%85%e4%ba%95%e8%88%aa%e5%b9%b3%e3%81%ab%e3%82%88%e3%82%8b%e3%83%90%e3%82%a4%e3%83%8a%e3%83%aa%e3%82%aa%e3%83%97%e3%82%b7%e3%83%a7%e3%83%b3%e8%a2%ab%e5%ae%b3%e3%81%ab%e6%b3%a8%e6%84%8f/,菅井航平によるバイナリオプション勧誘に要注意,FX投資詐欺,株式会社IDP,-,石田,-,-,"菅井航平 は，株式会社IDPの関係者として，同社が販売するバイナリオプションの売買ツールを法外な価格で販売する代理店の役割を行っています。菅井航平は，ターゲットを株式会社IDP石田に引き継ぐまでの役割を担い，その後，石田が契約を取り付けるという流れになりますが，契約金がない場合は，消費者金融に借りさせるなど石田の手口は極めて悪質です。また，消費者金融で融資を受ける際に，株式会社IDPで働いているかのように偽装工作をして，ターゲットに融資を申し込ませていますが，これは融資金詐欺に該当します。
■菅井航平 茨城県出身現役法政大学生
 
※被害に遭われた方はご相談ください。
"
https://www.wise-agent.com/%e6%9d%be%e5%ae%ae%e7%be%a9%e4%bb%81%e3%83%95%e3%83%aa%e3%83%bc%e3%83%80%e3%83%a0%e3%83%a9%e3%82%a4%e3%83%95%e3%82%af%e3%83%a9%e3%83%96%e3%80%90%e8%a9%90%e6%ac%ba%e8%a2%ab%e5%ae%b3%e6%83%85%e5%a0%b1/,【緊急告知】松宮義仁フリーダムライフクラブ刑事告発,情報商材,Fintech Gate Asia株式会社,東京都千代田区内幸町1-1-1 帝国ホテルタワー15F,松宮義仁,-, info@matsumiya-freedom.com ,"現在当法人では，松宮義仁が発行している仮想通貨NAGEZENIに関して，刑事告発の手続を行っています。
しかしながら，当方で了知している被害者の中に東京都在住の方がいません。
警察としては，管轄内（東京都内）の被害者からの被害事実を聴取できれば刑事事件として検討するということになっています。 
東京都内にお住まいで，平成30年6月1日以降に被害に遭われた方がいましたらご協力をお願いします。（6/1に資金決済法が改正されているためです。） 
※費用は一切頂きません。 
松宮義仁に一矢報いるため，ご協力して頂ける方は当方にご連絡ください。info@wise-agent.com
（2019.8.26本文記事更新）
 
 
"
https://www.wise-agent.com/afs%e3%81%a8%e3%81%84%e3%81%86%e6%8a%95%e8%b3%87%e7%b3%bb%e8%a9%90%e6%ac%ba%e3%81%ae%e7%9b%b8%e8%ab%87%e7%aa%93%e5%8f%a3%e9%96%8b%e8%a8%ad/,アセットフォーメーション(AFS)本当に許せません,FX投資詐欺,株式会社アドバンス,大阪市中央区南船場２丁目１０-２８　下村ビル5F,鈴木　健二,070-4473-5295,info@afs-system.com,"アセットフォーメーションシステム（ＡＦＳ）とは，
『利回り2000％の利益を生む人工知能搭載のシステムでマウスを１回クリックするだけで実践したその日に「報酬」が発生するこれまでの常識を完全に覆す新しい投資手法』
の名称です。
そして，『実践した方は１００％全員が成果を出しています。』という性質だそうです。

アセットフォーメーションシステムの被害に遭われた方は当法人までご相談ください。
 
 
 
 
 
"
https://www.wise-agent.com/%e3%80%90%e6%8a%95%e8%b3%87%e8%a9%90%e6%ac%ba%e3%80%91%e3%82%b3%e3%83%b3%e3%83%81%e3%83%8d%e3%83%b3%e3%82%bf%e3%83%ab%e3%83%90%e3%83%b3%e3%82%b3%e3%83%bc%e3%83%97%e3%80%80%e4%ba%95%e6%9d%91%e5%93%b2/,【投資詐欺】コンチネンタルバンコープ　井村哲郎,その他投資詐欺,コンチネンタルバンコープ,大阪府大阪市中央区上汐2-3-10 上汐Leesビル 5F,井村哲郎,06-4303-5502,-,"コンチネンタルバンコープに関する詐欺被害が急増しております。
当法人では刑事告発を検討しております。
被害に遭われた方は当法人までご相談ください。
"
https://www.wise-agent.com/%e3%83%aa%e3%83%bb%e3%82%b8%e3%83%a3%e3%83%91%e3%83%b3%e3%83%bb%e3%83%97%e3%83%ad%e3%82%b8%e3%82%a7%e3%82%af%e3%83%88%e8%a2%ab%e5%ae%b3%e7%9b%b8%e8%ab%87%e7%aa%93%e5%8f%a3/,リ・ジャパン・プロジェクト被害相談窓口,情報商材,Re:Japan（リ・ジャパンプロジェクト）,-,石塚幸太郎,-,-,"仮想通貨自動売買システムに登録するだけで毎月１０６万円が分配されるという嘘により現金を詐取したとしてリ・ジャパンプロジェクト代表者田口聖也が逮捕されました。
被害者の皆様で被害金をクレジットカードで支払っている場合は被害回復ができる場合がありますので諦める前にご相談ください。
 
"
https://www.wise-agent.com/%e6%a0%aa%e5%bc%8f%e4%bc%9a%e7%a4%be%e3%83%91%e3%83%bc%e3%82%bd%e3%83%8a%e3%83%ab%e3%83%96%e3%83%a9%e3%82%a4%e3%83%b3%e3%83%89%e3%80%80%e3%83%9f%e3%82%af%e3%82%b9%e4%ba%8b%e6%a5%ad%e9%83%a8%e3%80%90/,株式会社パーソナルブラインド　ミクス事業部【被害者急増中】,その他投資詐欺,株式会社パーソナルブラインド,東京都渋谷区渋谷1-13-8,山口　貴代,03-3856-7907,-,"パーソナルブランドスタイルが代理店として投資金を収集しRFPホールディングスで運用。ダイヤモンド卸会社ティーズダイアモンドへ投資。配当金が支払われることはない。
"
https://www.wise-agent.com/%e5%90%89%e6%9d%91%e5%9c%ad%e6%82%9f%e3%80%8ethe%e3%83%bbfintech2018%e3%80%8f%e3%81%ae%e8%a2%ab%e5%ae%b3%e5%af%be%e7%ad%96/,吉村圭悟『THE・FINTECH2018』の被害対策,仮想通貨詐欺,吉村圭悟（偽名）,-,-,-,http://web.archive.org/web/20180403064744/http://the-fintech2018.com/nbfyjklos/lp/oaysmay4/,"典型的な仮想通貨系の詐欺的商法です。毎日、現金7万円とビットコインを生涯に渡って、受け取ることができるという嘘により，システム代金名下に金銭を詐取するという手口。
被害に遭われた方は当法人までご相談ください。
"
https://www.wise-agent.com/%e5%a4%a7%e5%af%8c%e8%b1%aa%e3%83%93%e3%82%b8%e3%83%8d%e3%82%b9%e3%80%8caenokoto-ltd%e3%80%8d%e8%a9%90%e6%ac%ba/,大富豪ビジネス「AENOKOTO.Ltd」ねずみ講詐欺,副業・在宅ワーク詐欺,AENOKOTO（アエノコト）,-,一瀬健太郎,-,-,"マレーシア大富豪ビジネスの契約は連鎖販売取引に該当するので，クーリングオフが可能です。なお，説明は省きますが，法律上契約日から５年以内はクーリングオフが可能です。
 
大富豪ビジネスは無限連鎖講の防止に関する法律（ねずみ講防止法）に違反する立派な犯罪行為になります。被害に遭われた方はまずは警察の生活安全課に相談してください。
当事務所ではねずみ講防止法違反で刑事告発を準備していますので，情報提供を求めます。
"
https://www.wise-agent.com/%e7%9c%9f%e4%bc%bc%e3%81%a3%e3%81%93%e3%83%93%e3%82%b8%e3%83%8d%e3%82%b9%e8%bf%94%e9%87%91%e5%af%be%e7%ad%96/,真似っこビジネス返金対策,情報商材,株式会社きれい,東京都江東区佐賀２丁目３番４－514 号,柳村 和明,-,-,"真似っこビジネスのウェブサイトには、「真似て現金を生み出す新しい稼ぎ方！」「真似っこビジネス」「毎月150 万円以上を狙う！システムツールを今だけあなたにプレゼント！」「やることは真似をするだけ！」などと記載するなど虚偽の内容の広告を表示して消費者を契約に至らしめています。実際にこのような収益が得られることはありません。
※被害に遭われた方は当法人までご相談ください。
"
https://www.wise-agent.com/%e3%80%90%e4%bb%99%e5%8f%b0%e5%b8%82%e3%80%91%e5%85%83%e6%9c%a8%e7%a5%90%e8%bc%94%e3%81%ab%e5%91%8a%e3%81%90-2/,【仙台市】元木祐輔に告ぐ,悪徳商法,元Lily's TranSupport (リリーズ・トランサポート)社員,仙台市,-,080-4365-7830,-,"Lily’s TranSupport (リリーズ・トランサポート)社員の元木祐輔はかなりせこい。
リリーズでは通訳の業務をしているが，委託会社から貸与されたパソコンを〇〇せずに，自己の物として使用している。
再三に渡る会社からの〇〇〇求に対しては，その場凌ぎで返すと約束しながらもその後は音信不通。
 
※本投稿記事は代理投稿です。
セコ過ぎて詐欺師というレベルではない。
借りたものは返しましょう。
借り朴は窃盗または横領という犯罪行為です。
"
https://www.wise-agent.com/%e8%97%a4%e9%87%8e%e7%9c%9f%e8%87%b3%e7%9b%a3%e4%bf%ae%e3%83%93%e3%83%83%e3%83%88%e3%82%b3%e3%82%a4%e3%83%b3%e3%82%b8%e3%83%a3%e3%83%91%e3%83%b3%e3%83%97%e3%83%ad%e3%82%b8%e3%82%a7%e3%82%af%e3%83%88/,藤野真一ビットコインジャパンプロジェクト【マイニング詐欺】】,情報商材,株式会社リード,東京都渋谷区円山町５番４号フィールＡ渋谷１２０３,石川陽介　佐藤明日香,-,-,"ビットコインマイニング関連。
オートビットチャージ利用権利と称して無料で利用できるマイニングシステムを提供しビットコインを支払わせる手口により被害急増中。藤田真一，藤野真至は偽名で本名は藤野真一。
（藤野真一関連会社）・株式会社ネクスト　（大阪府箕面市市船場西二丁目１８番６－３０５号）・株式会社ジェイ・アーク（旧商号株式会社アドバンス）（東京都千代田区内幸町一丁目１番１号帝国ホテルタワー）
クレジットカードで購入している方は返金される余地が十分あるので被害者の方はご相談ください。
"
https://www.wise-agent.com/%e6%a0%aa%e5%bc%8f%e4%bc%9a%e7%a4%beidp%e7%9f%b3%e7%94%b0%e7%9c%9f%e4%b9%8b%e4%bb%8b%e8%a2%ab%e5%ae%b3%e8%80%85%e3%81%ae%e4%bc%9a/,株式会社ラーレン(石田真之介)被害者の会,悪徳商法,旧商号　株式会社IDP,東京都中央区勝どき六丁目３番１‐３３０９号,石田真之介,-,-,"株式会社IDP　代表取締役石田真之介
被害内容：FX自動売買ルールを法外な価格で売り付け，その他コンサルタント料と称して現金を詐取されたとの被害相談が急増中。石田真之介及び菅井航平は，知的障碍者に消費者金融に行かせるほどの外道です。
 
"
https://www.wise-agent.com/%e3%80%90%e8%89%b2%e6%81%8b%e8%a9%90%e6%ac%ba%e3%80%91%e5%ae%ae%e5%9f%8e%e7%9c%8c%e3%81%ae%e8%87%aa%e7%a7%b0%e7%94%b0%e4%b8%ad%e5%8d%9a%e5%af%bf/,【色恋詐欺師】仙台のヒロこと自称田中博寿 【マロンプリン】,その他投資詐欺,田中博寿（通称ヒロ）,宮城県仙台市,-,-,-,"田中博寿（通称ヒロ又はマロンプリン）は，何かの会社の社長で，出会いサイトで釣った独身女性から，投資名目や同棲するための引っ越し資金名目で金銭を詐取するという詐欺を繰り返す所謂色恋詐欺師。
 
以下は被害女性に送ったメッセージの原文である。『２７歳で独立して設計事務所をはじめ今は総合建築企業になりました。基本アミューズメント施設の設計建築を経営・・』『凄くは無いです。皆さん同じです。世界が違うとか無いですから。ちょっと頑張ってみた結果です。あくまで結果論。普通に見てください。社長として付き合いたくは無いから普通の男性として見て欲しいです』ポイントは「普通の男性として見て欲しいです」という部分。一見すると，「普通に見てほしい」とお願いしているように聞こえるが，実は，「私は普通じゃない。社長で凄い男だ。」とアピールしている。いずれにせよ口が達者なのは間違いない。
自称社長である田中博寿（通称仙台のヒロ）活動地域は主に宮城県，山形県。貯金を取り崩させた後は，言葉巧みに消費者金融で借り入れをさせ被害者を借金地獄に落とす。そして，「国税局の査察が入って口座が凍結された。」という嘘で生活苦を演じ，生活費を貸してほしいと言って小銭を要求するなど，社長から乞食へ凋落する。
 
当法人が委託している調査会社の調査員が，被害者女性に協力してもらって田中博寿をおびき出し，被害者が車内で証拠の会話を録音しているところに，頃合いを見計らって調査員がヒロに接触を試み，その数分後110番通報を受けた警察官が現場に駆け付けたところ，田中博寿は車のドアをロックし，被害者を一時監禁状態で現場から逃走。数分後に被害者は開放されたため監禁罪は成立しなかったが田中博寿はそのまま逃走。
 
【田中博寿の特徴】通称名は「ヒロ」LINEの登録名は「マロンプリン」飼い犬の茶色のトイプードルがマロンとプリンだということに由来。居住地は仙台市在住と思われる。推定年齢５０歳以上，色黒，髪型は短髪で体系はデブ。
 
好みの女性のタイプは柳原可奈子。使用している車は白の「ランドクルーザー」でナンバープレートは確認済。趣味はマリンスポーツ。宮古島にジェットスキーを保有しているらしいが被害者を騙す嘘だと思われる。夏場はブルーのレンズのサングラスを愛用。出身大学はなんと名門慶應義塾大学。ラグビー部に所属していたとのこと。
 
女性ウケを狙うため，LINEのプロフ画像に愛犬プードルの写真を使用している。ただし，実物は写真よりも老けており顔も体系も丸く太ってコワモテ。
 

※この顔に要注意・危険！

（これは５～８年前の写真と推定。実際は顔が丸く太り髪型は坊主に近い）
 

（被害者女性を一時拉致する前の様子。300-2793）
 
※犯情悪質であるためご尊顔を掲載します。仙台のヒロこと田中博寿（マロンプリン）による詐欺被害に遭われた方又はこの人物に心当たりのある方は当法人まで一報ください。
 
 
"
https://www.wise-agent.com/%e9%95%b7%e8%b0%b7%e5%b7%9d%e3%83%9e%e3%83%ab%e3%82%b3%e3%82%b9give-to-win%e3%83%97%e3%83%ad%e3%82%b8%e3%82%a7%e3%82%af%e3%83%88%e7%9b%b8%e8%ab%87%e7%aa%93%e5%8f%a3/,長谷川マルコス”Give to Winプロジェクト”相談窓口,FX投資詐欺,合同会社マインド,兵庫県神戸市中央区東雲通3－2－11,酒井昂希,05052130523,info@givetowin-project.biz,"長谷川マルコスは，「FXで参加者全員の資産を１年で５万円から１億円にする」という広告によりGive To Winプロジェクトというサービスを提供している。サービスの実体は自動売買システムであるが，おそらく海外の取引所から取引量に応じたバックマージンが入る仕組みだと思われます。同様のサービスを提供している会社は，金融庁から無登録営業の警告を受けています。 
長谷川マルコス”Give to Winプロジェクトの詐欺被害は当法人までご相談ください。
"
https://www.wise-agent.com/%e3%80%90%e3%81%ad%e3%81%9a%e3%81%bf%e8%ac%9b%e8%a9%90%e6%ac%ba%e3%80%91%e9%87%8e%e5%b1%b1%e7%9b%b4%e7%be%8e%e3%83%bb%e9%87%91%e5%b1%b1%e6%ad%a3%e4%b9%8b%e3%83%bb%e5%9d%82%e6%a2%a8%e4%bd%91%e5%a4%aa/,大富豪ビジネスねずみ講詐欺【株教室】,副業・在宅ワーク詐欺,合同会社Gシステム,兵庫県西宮市甲子園口3丁目29-14尼崎松下ビル,代表者小林吉弘，責任者濱村嘉孝,-,-,"西宮，尼崎あたりで暗躍するねずみ講グループ。
ねずみ講ゆえに被害が全国各地わたって拡大している。
野山直美・金山正之・坂梨佑太朗・三浦知菜その他複数のメンバーにより構成されているらしい。
３００万円払うことにより，
「別の会員を勧誘してその者が支払った入会金の半分を報酬として貰える」
という報酬を得る権利が与えられるが，このような行為は無限連鎖商法違反（ねずみ講）に該当する。
その他投資助言業を行っているが，金融商品取引法に基づく届け出はされていない。契約書に架空の外国法人の名称を記載する行為は有印私文書偽造からの詐欺罪に該当するため，刑事告発を検討中。
事務所の責任者と思われる人物は「濱村嘉孝」。
(関連会社）
MILLION VALUE LIMITED
RICHISTAN INTERNATIONAL LIMITED
 
(その他関係者)山口満由・野山直美・金山正之・三浦知菜
 
※被害に遭われた方は当法人までご相談ください。
"
https://www.wise-agent.com/%e3%82%ab%e3%82%b7%e3%83%a3%e3%82%ab%e3%82%b7%e3%83%a3%e3%83%93%e3%82%b8%e3%83%8d%e3%82%b9%e3%81%ae%e8%bf%94%e9%87%91%e9%81%94%e6%88%90/,カシャカシャビジネスの返金達成,情報商材,株式会社アイデア,-,-,-,-,"消費者庁の注意喚起措置を受け，当法人では返金対策を強化しております。
購入してから１年以上経過していても被害回復はまだまだ可能です。
諦める前に当法人までご相談ください。
※相談は専用の申し込みフォームからお願いします。
 
"
https://www.wise-agent.com/%e3%80%90%e6%96%8e%e8%97%a4%e9%a2%a8%e9%a6%ac%e3%80%91%e5%81%bdico%e8%a9%90%e6%ac%ba%ef%bd%a5ada%e3%82%b3%e3%82%a4%e3%83%b3%e9%81%8b%e7%94%a8%e8%a9%90%e6%ac%ba%e3%80%90%e6%88%90%e4%ba%95%e5%b0%86-2/,成井将大 こと『大竹将太』JOCコイン･コピトレ詐欺に要注意,仮想通貨詐欺,"ADA Trading Jpan株式会社，株式会社,CryptoADA株式会社",東京都中央区銀座1-22-11銀座大竹ビル2階　　　　　　,本名 成井将大 (大竹ビルのオーナーであると錯誤させるため『大竹将太』を名乗る）,070-3392-1440,info@crypto-ada.jp,"成井将大こと大竹将太は，『エナジャイズプランニング株式会社(代表取締成井将大)』『CryptoADA株式会社』『ADA Trading Jpan株式会社(代表取締役千葉好三)』などのペーパーカンパニーを使用して，
 
『ADAコインをステーキングで運用して月利１０％の配当を付ける。』『オリンピックで使用するコイン(仮想通貨)の作成をＪＯＣから請け負った。』『JOCコインはIEO価格から50倍以上になる 』『ＦＸ自動売買システムの無料モニターにならないか。』
 
と勧誘し，現金，ビットコインその他仮想通貨，並びにＦＸ自動売買システムの販売名目で現金や仮想通貨を騙し取ることを事業としている。詐欺行為を実行するのはエナジャイズプランニング株式会社の社員である『斎藤風馬（本名山口風馬）』及びLIMITLESS.INC（東京都港区虎ノ門）代表スズキトシオである。大口のターゲットには成井翔太こと大竹将太が直接担当する。
斎藤風馬こと山口風馬の手口は，ＪＯＣ（公益財団法人オリンピック委員会）から仮想通貨の発行を請け負ったという嘘により相手を信用させるというもの。なお，当法人の独自調査によると，成井将大は詐欺行為を認めているようである。
成井の指示を受けた山口風馬やスズキトシオが当該顧客情報に登録されている者をターゲットに詐欺の電話を掛けて，都内のホテルのラウンジに呼び出して現金やビットコインを詐取するという手口。これがその証拠画像である。
（証拠画像）※「田中」は成井将太の偽名

 
 
【具体的被害事実】
被害者Ａ氏は，山口風馬の勧誘に騙され，①ＡＤＡコインの運用委託，及び②ＪＯＣコインの売買契約を締結し，
①の預託金としてＡＤＡコインを，②の売買代金として5BTCを成井将太に交付した。しかし，対価は提供されていない。
 
そして成井将大は，Ａ氏から受領したＡＤＡコインを即座にビットコイン（約3BTC）に交換し，これとＪＯＣコインの購入資金として預かっている5BTCを合計した8BTCのうち，その半分である4BTCを氏名不詳に個人情報料の対価として支払っている。（証拠，証言有り）Ａ氏にすると5BTCは，JOCコインの購入資金として支払っているので5BTC分のJOCコインを受け取る権利があるが2.5BTCが関係者の取り分で消えているので，2.5BTCで5BTC分の時価額に相当するJOCコインを引き渡すことは商行為としては成立していない。
ＡＤＡコインは，ステーキングの預託物として成井将太が保管しているので，これをビットコインに換金（交換）している時点で業務上横領罪が成立している。
 
これについて成井将大は，氏名不詳に折半の報酬を支払った時点で投資は破綻していることを素直に認める証言をしている。つまり詐欺・横領行為を認めているのである。
 
 
【調査結果】当法人は，証拠資料を入手し，独自入手した証拠資料の真実性を調査した。まず公益財団法人オリンピック委員会（ＪＯＣ）に電話で問い合わせたところ，ＪＯＣでは仮想通貨の発行を予定しているという事実はないことを確認した。続いて，公益財団法人の所管行政である内閣府に問い合わせたところ，公益財団法人が収益事業を行う場合，その事業内容を内閣府に届け出る義務があることを確認した。そこで，ＪＯＣが公開している事業計画書等を確認したところ，仮想通貨の発行事業は事業内容に含まれていなかった。当然のことながら，内閣府に届出を出してしない事業を行うことは違法であるが，公益財団法人が『極秘案件』と称して違法に仮想通貨を発行するとは考えられない。そもそもＪＯＣが得体の知れない会社と業務委託契約を締結することはない。よって，ＪＯＣコイン案件は嘘であると断定する。
 
エナジャイズプランニング株式会社，及びCryptoADA株式会社，並びに斎藤風馬こと山口風馬，及び成井将太にはくれぐれもご注意ください。犯人らは偽名を使用しているので，被害拡大防止という公益性に基づき，犯人の顔写真と，詐欺に使用されている電話番号を公開します。
被害に遭われた方はまず警察に相談してください。
当法人では山口風馬の身分証明書その他証拠資料を保有していますので警察にご相談される場合は証拠資料を提供致します。
 
【関係者情報】




■成井将太(大竹将太)
080-1622-3418   070-3392-1440roen1440@yahoo.co.jp※詐欺に使用する『ADA Trading Jpan株式会社』の本店所在地が『銀座大竹ビル２階』であることから『大竹将太』を名乗り，親から相続を受けた自社ビルであるという姑息な嘘で相手を騙すという手口。





■斎藤風馬
070-1374-1080　080-5849-5435




■スズキトシオ
日本人と外人のハーフ。成井将太の部下として活動。LIMITLESS.INC（東京都港区虎ノ門）という会社の代表者。LIMITLESS.INCは主にＦＸ自動売買システムを法外な価格で販売することを生業としている。成井将太とスズキトシオは，元々株式会社ワンブレーンという情報商材販売業者の同僚という関係。
 





■詐欺に使用する会社
・エナジャイズプランニング株式会社　（千葉市花見川区検見川町）　　・CryptoADA株式会社　（東京都新宿区　ADAコインとは無関係）・LIMITLESS.INC　（東京都港区虎ノ門）
・ADA Trading Jpan株式会社　東京都中央区銀座一丁目２２－１１銀座大竹ビル２階　　代表取締役　千葉好三　（愛媛県松山市萱町六丁目１２３番地１ニューライフ１０５号）　　　　　　　　　　　　　　　　　




 
※被害に遭った方はまずは警察に相談してください。
"
https://www.wise-agent.com/%e3%83%89%e3%83%aa%e3%83%bc%e3%83%a0%e3%83%a9%e3%82%a4%e3%83%95%e3%83%95%e3%82%a1%e3%83%9f%e3%83%aa%e3%83%bc/,【田島直樹】ドリームライフファミリー全額返金対策,情報商材,株式会社ABC,東京都世田谷区代沢1-26-2,田島　直樹,03-6304-7322,info@ei-bi-ci.xyz,"株式会社ABCが販売するドリームライフファミリーは，1万円が10万円なり，10万円が1000万円に増えるという性質ですが，適当すぎる会社名については言及しませんが，このような収益を得られるビジネスは存在しません。
既に購入されてしまった方は返金させることが可能なので当法人までご相談ください。
 
"
https://www.wise-agent.com/%e4%bd%90%e3%80%85%e6%9c%a8%e5%95%93%e5%a4%aa%e3%81%ab%e3%82%88%e3%82%8bwithcoin%e8%a9%90%e6%ac%ba%e4%ba%8b%e4%bb%b6%e3%80%90ico%e8%a9%90%e6%ac%ba%e3%80%91/,佐々木啓太によるWithCoin詐欺事件【ICO詐欺】,仮想通貨詐欺,株式会社クリエイティブナレッジ,-,佐々木啓太,-,-,"佐々木啓太による仮想通貨WithCoin詐欺が炎上しています。
WithCoinを上場前に引き渡すという欺罔により代金を詐取し，上場に暴落したときに買戻し，市場価格が0円になったときにWithCoinを引き渡すという手口。トークンを引き渡せない場合はイーサを返還するという約束も当然反故に。
佐々木啓太は，当法人の被害相談の上位におり，犯情悪質なので然るべき措置を行います。
 

"
https://www.wise-agent.com/%e3%80%90%e3%81%ad%e3%81%9a%e3%81%bf%e8%ac%9b%e3%80%91%e3%83%9e%e3%83%ac%e3%83%bc%e3%82%b7%e3%82%a2%e5%a4%a7%e5%af%8c%e8%b1%aa%e3%83%93%e3%82%b8%e3%83%8d%e3%82%b9%e9%96%a2%e4%bf%82%e8%80%85/,【ねずみ講】マレーシア大富豪ビジネス関係者,悪徳商法,合同会社Gシステム,兵庫県尼崎市西難波町3-31-9,-,-,-,"マレーシア大富豪ビジネスのねずみ講被害が止まりません。
「代理店」と呼ばれる者らが主に関西方面で活動していますが，その代理店には実態不明の外国法人の名称が付されるため実体の解明が極めて困難です。
現在判明している関係者は，「松下トモジ」「加藤憲文夫婦」「森昭子」「渡邉義夫」「川崎美智子」で尼崎の責任者は松下トモジだと思われます。
 
以下のフォームから消費庁に被害状況を告発することができます。(特定商取引法違反被疑情報提供フォーム)https://form.caa.go.jp/shohisha/opinion-2000.php
"
https://www.wise-agent.com/weare%e3%83%97%e3%83%ad%e3%82%b8%e3%82%a7%e3%82%af%e3%83%88%e8%a2%ab%e5%ae%b3%e7%9b%b8%e8%ab%87%e7%aa%93%e5%8f%a3/,WeAreプロジェクト被害相談窓口,情報商材,ルケルス合同会社,大阪府大阪市北区池田町10番地11号,山下大輔,-,info@weare-project.com,"ルケルス合同会社及び山下大輔は，毎月50万円が支給される謎のサービス「WeAreプロジェクト」を提供する事業者ですが，当然このような利益を得ることは不可能です。
被害に遭われた方は当法人までご相談ください。
"
https://www.wise-agent.com/%e3%80%90%e6%a0%aa%e5%bc%8f%e4%bc%9a%e7%a4%bei-rageholdings%e3%80%91%e8%a9%90%e6%ac%ba%e8%a2%ab%e5%ae%b3%e7%9b%b8%e8%ab%87%e3%82%92%e5%8f%97%e4%bb%98%e4%b8%ad%e3%80%90%e5%a2%97%e7%94%b0%e9%89%84/,【株式会社i-rageHoldings】詐欺被害相談を受付中【増田鉄兵】,副業・在宅ワーク詐欺,株式会社i-rageHoldings,-,増田　鉄兵,-,-,"インターネットでの販売促進システム（ＡＳＰ）を販売すると装って代理店契約金を結ばせ，加盟金名目で現金を騙し取っています。代表者の増田鉄兵以下６名が詐欺容疑で逮捕・起訴された模様です。
"
https://www.wise-agent.com/%e3%81%bd%e3%82%93%e3%81%bd%e3%82%93%e3%83%93%e3%82%b8%e3%83%8d%e3%82%b9%e7%ac%91%e3%81%ae%e8%bf%94%e9%87%91%e7%9b%b8%e8%ab%87%e7%aa%93%e5%8f%a3/,ぽんぽんビジネス(笑)の返金相談窓口,情報商材,株式会社 UPBASE,-,-,03-5980-0321,info@upbase.co.jp,"ぽんぽんビジネスのスキームは，まず9800円で安価な商材を購入させて，
その商材に『電話相談窓口』と称して電話を架けさせて高額バックエンド商品を勧誘して，その勢いにのせてクレジット決済をさせるという最近主流の手法となります。9800円だからと思って油断してはいけません。その先には何十万もする契約が待ち構えていますので要注意ください。
スマホを操作するだけでぽんぽん稼げるようなビジネスは存在しません。仮に存在するならそのような楽に稼げる手法を他人に教えることはしません。
 
※ぽんぽんビジネスの被害に遭われた方は当法人までご相談ください。
 
 
"
https://www.wise-agent.com/%e3%82%b4%e3%83%bc%e3%83%ab%e3%83%89%e3%82%b5%e3%83%9d%e3%83%bc%e3%83%88%e6%89%93%e3%81%a1%e5%ad%90%e3%83%91%e3%83%81%e3%83%b3%e3%82%b3%e8%a9%90%e6%ac%ba%e4%bc%9a%e7%a4%be/,ゴールドサポート打ち子パチンコ詐欺会社,その他特殊詐欺,ロトビルド（LOTO Build）,〒123-4567 東京都中央区銀座7-13-6,佐藤一郎,03-4431-1449,info@loto6-build.com,"ロト６の当選番号を教えると言って，供託金，または保証金名目で現金を詐取する。
"
https://www.wise-agent.com/%e3%80%90%e3%81%ad%e3%81%9a%e3%81%bf%e8%ac%9b%e3%80%91%e6%a0%aa%e5%bc%8f%e4%bc%9a%e7%a4%be%e3%82%b9%e3%82%a4%e3%83%b3%e3%82%b0-%e3%81%ab%e9%96%a2%e3%81%99%e3%82%8b%e6%83%85%e5%a0%b1%e6%8f%90%e4%be%9b/,【ねずみ講】株式会社スイング に関する情報提供,副業・在宅ワーク詐欺,株式会社スイング (林ゴルフメソッド),東京都新宿区北新宿四丁目4番16号 ヤマコート淀橋301　　,丸岡　達,03-6403-3385,contact@hayashi-golf.jp,"数十万円から百万円単位の入会金を支払わせて会員を募集し，会員に新たな新規会員を募集させてその紹介料で収益が得られるというスキームで「ワークスタイル」という商品を販売。無限連鎖商法（違法行為）にあたる可能性もあり。
なお，販売会社は「株式会社リアル」という会社にも関わらず，クレジットカード決済において，決済代行会社と契約しているのは株式会社スイングであることから名義貸し，または実際の販売会社はスイングであると思われる。販売形態は，電話勧誘販売取引，及び業務提供誘因販売取引であるが，通販を主張してクーリングオフには応じないことから相談急増中。
被害に遭われた方は当センターまでご相談ください。
"
https://www.wise-agent.com/%e3%82%a2%e3%83%b3%e3%82%b5%e3%83%bc%e3%82%ba%e5%85%a8%e9%a1%8d%e8%bf%94%e9%87%91%e7%9b%b8%e8%ab%87%e7%aa%93%e5%8f%a3%e9%96%8b%e8%a8%ad/,アンサーズ全額返金相談窓口開設,情報商材,一般社団法人日本統計機構,-,-,-,-,"消費者庁の調査により，一般社団法人日本統計機構が販売する情報商材「アンサーズ」の広告は虚偽であることが認定されました。
これは消費者被害ではなく，詐欺被害ということになりますので当法人では詐欺罪による刑事告訴，及び特定商取引法違反による刑事告発を検討しています。併せて被害回復の対策も受け付けておりますので被害者の方は当法人までご相談ください。
"
https://www.wise-agent.com/%e3%83%95%e3%83%ad%e3%83%a0%e3%83%8d%e3%83%83%e3%83%88%e3%82%b5%e3%83%bc%e3%83%95%e3%82%a3%e3%83%b3%e3%81%ae%e8%a2%ab%e5%ae%b3%e3%81%ab%e9%81%ad%e3%82%8f%e3%82%8c%e3%81%9f%e6%96%b9%e3%81%b8%e3%80%90fr/,フロムネットサーフィンの返金請求は可能です【From Net Surfing】,悪徳商法,株式会社TURKS,東京都千代田区二番町９－３ＴｈｅＢａｓｅ麹町１階,代表取締役　神谷隆介,03-6233-8384,jump@turks.co.jp,"株式会社TURKSせどりの情報商材を提供する会社。代表者の自宅は賃料の安いアパートなのでおそらく名前だけの代表者であると思われる。
サポート電話と称して電話をかけさるように仕向けて，その電話で契約を勧誘してカード決済をさせるという手口。これは電話勧誘販売に該当するのでクーリングオフが可能だが返金には応じない。
被害急増中につき，被害者の方は当センターまでご相談ください。
 
"
https://www.wise-agent.com/%e3%80%90d9club%e3%80%91%e6%a0%aa%e5%bc%8f%e4%bc%9a%e7%a4%be%e3%82%bb%e3%83%96%e3%83%b3%e8%a2%ab%e5%ae%b3%e8%80%85%e3%81%ae%e4%bc%9a/,【D9club】株式会社セブン被害者の会【菅井裕介】,その他投資詐欺,株式会社セブン,-,菅井裕介,-,-,"株式会社セブンはD9clubの「登録代行」を行う。
D9clubは第二種金融商品に該当するおそれがあるため，その場合は金融庁に第二種金融業者としての届出を必要とするが，株式会社セブンは「登録代行」であると主張して実質無登録で第二種金融商品の勧誘業務を行う。
以上，胡散臭いこと極まりないので要注意。
"
https://www.wise-agent.com/%e8%97%a4%e6%9c%ac%e4%ba%ac%e3%81%ae%e8%97%a4%e6%9c%ac%e9%8c%ac%e9%87%91%e5%80%b6%e6%a5%bd%e9%83%a8%e3%80%80%e8%a2%ab%e5%ae%b3%e7%9b%b8%e8%ab%87%e7%aa%93%e5%8f%a3/,藤本京の藤本錬金倶楽部　被害相談窓口,FX投資詐欺,-,東京都港区南青山2丁目2番15号ウィン青山942,-,03-6380-6742,info@kryrso.com,"藤本京の藤本錬金倶楽部は，サービスの内容を一切開示しないで販売していましたが，実際に提供されたのは結局競馬予想システムでした。
広告では「最低でも１年以内に１億円以上のキャッシュを１００％稼がせることを誓います」と謡っていますが，当然稼げない内容です。
ところで，ウィン青山という建物にはなぜ情報商材業者が多いのでしょうか・・
同じ組織が複数の会社名を使用しているのかもしれません。
※藤本錬金倶楽部に関する被害相談は当法人までご相談ください。
 
 
"
https://www.wise-agent.com/%e6%a0%aa%e5%bc%8f%e4%bc%9a%e7%a4%benoway%e3%81%ab%e9%96%a2%e3%81%99%e3%82%8b%e3%83%88%e3%83%a9%e3%83%96%e3%83%ab%e7%9b%b8%e8%ab%87%e5%8f%97%e4%bb%98%e4%b8%ad/,株式会社NOWAYに関するトラブル相談受付中,悪徳商法,株式会社NOWAY,-,｛削除依頼により削除｝　　,-,-,"株式会社NOWAYに関するご相談は当センターまでご連絡ください。
 
 
"
https://www.wise-agent.com/%e6%9c%ac%e9%83%b7%e3%82%b8%e3%83%a7%e3%82%a6%e3%82%b8%e3%80%8ebitlinx-%ce%b2%e3%83%86%e3%82%b9%e3%82%bf%e3%83%bc%e3%80%8f%e8%bf%94%e9%87%91%e5%af%be%e7%ad%96/,本郷ジョウジ『Bitlinx.βテスター』返金対策,情報商材,合同会社ホット,-,-,-,-,"16,000円のフロントの商品（撒き餌さ）において『電話コンサル』を提供し，
電話コンサルと称して電話を架けさせて高額のバックエンド商品を契約させるという手口。
『返金保証』を約束するが，返金はされない。
クーリングオフには応じないという消費者被害が急増中。
 
被害者の方は当法人までご相談ください。
 
"
https://www.wise-agent.com/%e3%80%90%e8%a9%90%e6%ac%ba%e3%82%a8%e3%82%b9%e3%83%86%ef%bd%8c%ef%bd%81%ef%bd%95%ef%bd%92%ef%bd%81-%e3%80%91%e5%a4%a7%e6%b1%9f%e3%82%81%e3%81%90%ef%bc%8c%e7%94%b0%e6%9d%91%e6%9c%aa%e5%bc%a5%e5%ad%90/,【Laura 】大江めぐ，田村未弥子，岡田真由美【赤羽橋矯正サロンBB】,悪徳商法,Laura（＝赤羽橋矯正サロンBB ）,東京都港区三田1-3-24サンウッド三田パークサイドタワー1404号室,大江めぐ，田村未弥子，岡田真由美,080-5703-7985,-,"ミクシーなどで友人として接近し，「一時的に契約金が必要だが後で全額返金する。」などと無料モニターとして勧誘し，一回１０万円の高額のエステを販売する。被害相談が急増中。店長田村未弥子，代表者大江めぐ，他４名で構成されている。LAURA，及びその関係者に関する被害相談急増中につき被害者の方は当センターにご相談ください。
 
"
https://www.wise-agent.com/%e6%a0%aa%e5%bc%8f%e4%bc%9a%e7%a4%be-soft-ex-%e3%80%90%e8%a2%ab%e5%ae%b3%e9%80%9f%e5%a0%b1%e3%80%91/,株式会社 Soft-EX 【被害速報】,悪徳商法,-,東京都中央区日本橋兜町20-5 兜町八千代ビル3F,髙井　理道,03-6661-7385,-,"株式会社 Soft-EX による悪質な投資詐欺が急増しております。
被害に遭われた方はご相談ください。
 
"
https://www.wise-agent.com/%e3%83%89%e3%83%aa%e3%83%bc%e3%83%a0%e3%82%aa%e3%83%bc%e3%82%b7%e3%83%a3%e3%83%b3%e3%83%97%e3%83%ad%e3%82%b8%e3%82%a7%e3%82%af%e3%83%88%e8%a2%ab%e5%ae%b3%e7%9b%b8%e8%ab%87%e7%aa%93%e5%8f%a3/,【坂本まり】ドリームオーシャンプロジェクト刑事告発,情報商材,株式会社LUXYART (ラクシーアート),東京都中央区銀座6-6-1風月堂ビル5F（レンタルオフィス）,坂本麻里（さかもとまり）,03-5537-6672,-,"株式会社LUXYARTが提供する「ドリームオーシャンプロジェクト」とは，スマホで撮影した写真を１枚数万で販売することができるというまさに夢のようなビジネスだそうです。
ドリームオーシャンプロジェクトに入会すると，①実は誰でも無料で利用することができる画像販売サイトのアカウントと，
②「インスタグラムの開設方法」や「マイイーサウォレットのアカウント開設方法」
など，誰でも知ることができる情報を，「利権」と称して提供されます。

以下のフォームから消費庁に被害状況を告発することができます。(特定商取引法違反被疑情報提供フォーム)https://form.caa.go.jp/shohisha/opinion-2000.php
消費者庁が行政措置を講じる判断基準として，被害件数が重要な基準となりますので，被害に遭われた方は上記より被害申告を出してください。
 
なお，坂本まりの動画広告が削除されているため，動画を保存している方がいましたらご提供願います。
"
https://www.wise-agent.com/%e3%80%90%ef%bd%8d%ef%bd%94%ef%bd%93%e9%81%8b%e7%94%a8%e3%82%bb%e3%83%9f%e3%83%8a%e3%83%bc%e3%80%91%e3%82%a2%e3%82%af%e3%82%bb%e3%82%b9%e3%83%a9%e3%82%a4%e3%83%95%e5%90%88%e5%90%8c%e4%bc%9a%e7%a4%be/,【ＭＴＳ運用セミナー】アクセスライフ合同会社【投資詐欺】,FX投資詐欺,アクセスライフ合同会社,-,木村ケンタロウ,0120-780-823,info@1access1.com,"詐欺被害相談急増中ににつき被害者様のご相談を受け付けております。
"
https://www.wise-agent.com/%e6%a0%aa%e5%bc%8f%e4%bc%9a%e7%a4%be%e3%82%bb%e3%83%b3%e3%82%bf%e3%83%bc%e3%83%95%e3%82%a3%e3%83%bc%e3%83%ab%e3%83%89%e7%ab%b6%e9%a6%ac%e8%a9%90%e6%ac%ba%e4%bc%9a%e7%a4%be/,株式会社センターフィールド競馬詐欺会社,競馬予想詐欺,ロトビルド（LOTO Build）,〒123-4567 東京都中央区銀座7-13-6,佐藤一郎,03-4431-1449,info@loto6-build.com,"ロト６の当選番号を教えると言って，供託金，または保証金名目で現金を詐取する。
"
https://www.wise-agent.com/the-time-project%e8%bf%94%e9%87%91%e7%9b%b8%e8%ab%87%e7%aa%93%e5%8f%a3/,THE TIME PROJECT返金相談窓口,仮想通貨詐欺,ＴＭＪ株式会社,東京都中央区日本橋小舟町15-17,自称 成田童夢,-,info@the-timeproject.com,"ＴＭＪ株式会社は，「THE TIME PROJECT」と称して，システムを起動すると口座に毎日最低３万円から１０万円の利益が半永久的に得ることができるという売買システムを販売すると謡っていますが，その実態はMT4に読み込ませるただのプログラムであり、あAIではありません。
被害に遭われた方は当法人までお問い合わせください。
 
"
https://www.wise-agent.com/%e9%a0%88%e7%94%b0%e4%bd%91%e8%bc%94%e3%80%80%e8%a2%ab%e5%ae%b3%e8%80%85%e3%81%ae%e4%bc%9a/,【詐欺師】須田佑輔　被害者の会,悪徳商法,株式会社ラーレン(旧商号株式会社IDP),東京都中央区勝どき6-3-1​-3309​号,-,-,-,"株式会社IDP(代表取締役石田真之介)の関係者として詐欺商法を繰り返す小悪党。
被害内容：FX自動売買ソフト，ブックメーカー関連の商材などを法外な価格で売り付け，その他コンサルタント料と称して現金を詐取されたとの被害相談が急増中。
ターゲットに消費者金融で借金をさせて契約代金をせしめる手口で被害急増中。知的障碍者に消費者金融に行かせるなど目に余る極悪非道
 
東京都中央区勝どき6-3-1​-3309​号のタワーマンションが活動拠点。
詐欺グループの中には女性もいるという。
 

"
https://www.wise-agent.com/%e8%a5%bf%e7%94%b0%e5%93%b2%e9%83%8e%e3%81%ab%e3%82%88%e3%82%8b%e5%89%af%e6%a5%ad%e8%a9%90%e6%ac%ba%e3%80%8e%e4%bf%ba%e3%81%ae%e3%83%8b%e3%83%a5%e3%83%bc%e3%82%b9%ef%bc%8c%e3%83%9e%e3%83%8f%e3%83%a9/,西田哲郎による副業詐欺『俺のニュース，マハラジャ』被害救済について,情報商材,合同会社AKDcompany,大阪府大阪市福島区吉野2-11-20,西田哲郎,-,-,"合同会社AKDcompany西田哲郎は，『俺のニュース』という副業を提供する会社。
『俺のニュース』購入は，ニュース記事を投稿することで業務委託報酬が得られるというが，その支払われないと炎上中。
その理由は，決済代行会社にクレームが入り過ぎたせいでアカウントを止められ，売り上げが入ってこない，ということらしい。
このような状況でも，
『俺のニュース』の購入代金をクレジットカードで支払った方は被害救済が可能です。
 
被害者の方は当法人までご相談ください。
 
 
"
https://www.wise-agent.com/%e3%83%93%e3%83%83%e3%83%88%e3%83%aa%e3%83%a5%e3%83%bc%e3%82%b8%e3%83%a7%e3%83%b3bitregion%e8%a2%ab%e5%ae%b3%e8%80%85%e3%81%ae%e4%bc%9a/,ビットリュージョン(BitRegion)被害者の会,悪徳商法,ビットリュージョン(BitRegion),-,-,-,-,"ビットリュージョン(BitRegion)に関する被害情報をお寄せください。
"
https://www.wise-agent.com/%e6%9d%89%e5%b1%b1%e7%99%bb%e3%80%8c%e7%99%bb%e7%ab%9c%e9%96%80%e3%83%93%e3%82%b8%e3%83%8d%e3%82%b9%e3%80%8d%e8%a9%90%e6%ac%ba%e8%a2%ab%e5%ae%b3%e7%9b%b8%e8%ab%87/,杉山登「登竜門ビジネス」詐欺被害相談,情報商材,合同会社Y'sWorks,茨城県守谷市松が丘3丁目2-2,杉山登,-,toryumon@dragonline.jp,"「私の考案したビジネスを行うことであなたは５万円から１０万円の現金収入をたったの１日で稼ぐことが可能になる」
という夢のようなビジネス，その名は「登竜門ビジネス」を提供する合同会社Y’sWorksですがこれが本当なら，販売せずに自社の社員にやらせておいた方が儲かるはずです。
極めて悪質な情報取材になりますので，既に登竜門ビジネス購入されてしまった方は当事務所にご相談ください。
 
 
 
 
"
https://www.wise-agent.com/%e3%81%90%e3%81%b3%e3%81%90%e3%81%b3%e3%83%93%e3%82%b8%e3%83%8d%e3%82%b9%e8%bf%94%e9%87%91%e7%9b%b8%e8%ab%87%e7%aa%93%e5%8f%a3/,ぐびぐびビジネス返金相談窓口,副業・在宅ワーク詐欺,株式会社スマイル,-,小沢雄太,-,-,"ぐびぐびビジネスとは，アンケートに回答すると企業から報酬が得られるという内容ですが，実際にアンケートの回答に報酬を支払う企業が存在することについては疑義があり，収益を得ることはできないという相談が急増しています。
広告においては1日1万円稼げるということですが，実際に稼げるような性質ではありません。
この手口は「アンサーズ実践会」とまったく同じです。
 
返金を求めたい方は当法人までご相談ください。
 
 
以下のフォームから消費庁に被害状況を告発することができます。(特定商取引法違反被疑情報提供フォーム)https://form.caa.go.jp/shohisha/opinion-2000.php
"
https://www.wise-agent.com/%e3%80%90%e6%8c%81%e7%b6%9a%e5%8c%96%e7%b5%a6%e4%bb%98%e9%87%91%e8%a9%90%e6%ac%ba%e3%80%91%e7%a8%8e%e7%90%86%e5%a3%ab%e9%98%aa%e6%9c%ac%e5%92%8c%e5%8f%b8%e3%81%ab%e5%ae%b6%e5%ae%85%e6%8d%9c%e7%b4%a2/,【持続化給付金詐欺】税理士阪本和司に沖縄県警が家宅捜索！逮捕間近か!?,その他特殊詐欺,阪本和司税理士事務所,沖縄県那覇市久米１丁目７−３ 2階,阪本和司,098-866-9746,-,"持続化給付金詐欺で逮捕された『野田潤一』の事件に関連し、税理士阪本和司が家宅捜索を受けました。
家宅捜索の様子の写真が琉球新報社のウェブサイトに掲載しれていますが、その写真に映る建物の外観と、Googleマップで見た阪本税理士事務所がある建物の外観が同じなのて、家宅捜索を受けたのは阪本和司税理士で間違いありません。
 
当法人が入手した資料を確認すると、阪本税理士は本人の依頼もなく無断で確定申告書その他必要書面を作成して持続化給付金を申請しているようです。その他複数のブローカーが組織的に関わっていることが確認されています。

上がニュース報道の写真。
下がグーグルマップの写真

 
 
 
 
"
https://www.wise-agent.com/%e5%89%af%e6%a5%ad%e8%a9%90%e6%ac%ba%e3%80%8c%e3%82%bf%e3%83%83%e3%83%97%e3%82%a4%e3%82%ba%e3%83%9e%e3%83%8d%e3%83%bc%e3%80%8d%e8%a2%ab%e5%ae%b3%e7%9b%b8%e8%ab%87%e7%aa%93%e5%8f%a3/,タップイズマネー被害相談窓口,情報商材,株式会社Quest（クエスト）,東京都新宿区西落合2-14-13,遠藤純一,03-5304-5101,-,"低額の商材（撒き餌さ）を購入させた後，「電話コンサル」と称して消費者に電話相談の予約をさせ，予約日時に電話勧誘販売を仕掛ける手口。
販売ページ　http://tap-is-m.net/second/
タップイズマネーは，電話で強引にクレジット決済をさせるなど，電話勧誘販売取引に該当する販売行為をしているが，クーリングオフには一切応じません。
 
※被害に遭われた方は諦める前に当法人までご相談ください。
 
"
https://www.wise-agent.com/%e4%b8%8a%e7%94%b0%e8%b2%b4%e5%a4%a7-team-euphoria%ef%bc%88%e3%83%a6%e3%83%bc%e3%83%95%e3%82%a9%e3%83%aa%e3%82%a2%ef%bc%89%e8%bf%94%e9%87%91%e5%af%be%e7%ad%96%e5%8f%97%e4%bb%98%e4%b8%ad/,上田貴大 TEAM Euphoria（ユーフォリア）返金対策受付中,情報商材,-,-,-,-,-,"TEAM Euphoria（ユーフォリア）はクーリングオフによる被害回復が可能です。
とはいえ相手方は返還に応じません。
このような場合はクレジットカード決済を強制取消させることにより被害回復が実現します。
当事務所では迅速に契約解除手続きを行い，被害回復を達成させます。
 
被害者の方はまず当法人までご相談ください。
"
https://www.wise-agent.com/%e3%80%90%e6%b3%a8%e6%84%8f%e5%96%9a%e8%b5%b7%e3%80%91moneta-%ef%bc%88s4%e3%82%b7%e3%82%b9%e3%83%86%e3%83%a0/,【注意喚起】MONETA （S4システム),FX投資詐欺,株式会社アイビス,-,-,-,-,"株式会社アイビスが販売するMONETA という役務の内容は，購入者に現金300万円をプレゼントして，その300万円は直接渡さずに，「S4システム」という証券会社を模倣したウェブサイト（http://s4-system.com/login.php）で運用するという内容です。
ログインすると運用により，300万円が600万円に増えたように見せかけています。
そして，その600万円を引き出そうとすると，株式会社アイビスに連絡するように画面上に表示されます。
おそらく600万円の出金を口実にさらなる現金を要求されることになると思われます。
 
※MONETA （S4システム)の被害に遭われた方はご相談ください。
 
"
https://www.wise-agent.com/hello-world/,ジョモスインターナショナル投資詐欺会社,FX投資詐欺,ロトビルド（LOTO Build）,〒123-4567 東京都中央区銀座7-13-6,佐藤一郎,03-4431-1449,info@loto6-build.com,"ロト６の当選番号を教えると言って，供託金，または保証金名目で現金を詐取する。
"
https://www.wise-agent.com/%e3%83%93%e3%83%83%e3%83%88%e3%83%97%e3%83%a9%e3%82%a4%e3%83%a0%e3%82%b9-%e8%a9%90%e6%ac%ba%e8%a2%ab%e5%ae%b3%e6%83%85%e5%a0%b1/,BITPRIMUS-ビットプライムス 被害情報【ビットコイン詐欺】,その他投資詐欺,株式会社ビットスパイア,-,不明,-,-,"株式会社ビットスパイアのビットアセットマネージメントシステムによる，「ビットプライムス」に ビットコインを預けると代わりに運用してくれて資産が増えるという詐術によりビットコインを詐取するという被害が急増中。
ARBIT SYSTEMという自動売買ツールにより資産がゼロになることはないと謡っているが，実際にはゼロになったという理由で預けたビットコインは返してくれない。
ビットプライムス・ARBIT SYSTEMの被害に遭われた方は返金実績のある当法人までご相談ください。
"
https://www.wise-agent.com/%e3%83%93%e3%83%83%e3%83%88%e3%82%a2%e3%82%bb%e3%83%83%e3%83%88%e3%83%9e%e3%83%8d%e3%83%bc%e3%82%b8%e3%83%a1%e3%83%b3%e3%83%88%e3%82%b7%e3%82%b9%e3%83%86%e3%83%a0%ef%bd%9c%e8%a2%ab%e5%ae%b3%e7%9b%b8/,BITPRIMUS事件｜告訴状提出される,仮想通貨詐欺,株式会社ビットスパイア,大阪市西区北堀江2-8-17,-,-,-,"株式会社ビットスパイアの手口は，月利は最低10%を謡い，自社で運営する，BIT ASSET MANAGEMENT CLUBに法外な手数料と取って入会させ，会員にBITPRIMUSにおいて，ビットスパイアに代理取引をさせるための「口座」を開設させています。償還は１年後からということですが，BITPRIMUSのビットコイン保有残高がゼロになるという被害が続出しています。
株式会社ビットスパイアに関する被害相談が急増しているため，当法人では刑事告発を視野に実態調査を行っていましたが，ビットスパイアのスキームがある程度みえており，刑事告訴を提出するに至りました。当初は，資金決済法違反での刑事告発を検討しておりましたが，実態を確認してきた結果，罪状を詐欺罪及び組織的犯罪処罰法３条１項１３号（組織的詐欺）として告訴状を提出しています。
■主要メンバー・磯田　克己（イソダカツミ）・石黒　司　（イシグロツカサ）・武田　力　（タケダリキ）　https://twitter.com/tkd73273515・松井　聖也（マツイセイヤ）　https://twitter.com/adgawpwp・安原　達也（ヤスハラタツヤ）・大久保恭平なお，上記の者らはオプザイルとも関係している。
http://bbs-homework.com/One_Viwe.php?i=80
 
※ビットアセットマネージメントシステム，ビットスパイアによる被害に遭われた方は当法人までご相談ください。
"
https://www.wise-agent.com/the-secret%e8%a2%ab%e5%ae%b3%e5%af%be%e7%ad%96%e3%81%ab%e3%81%a4%e3%81%84%e3%81%a6%e3%80%90%e7%95%91%e5%b2%a1%e5%ae%8f%e5%85%89%e3%80%91/,The Secret被害対策について【畑岡宏光】,仮想通貨詐欺,株式会社トラスト,-,畑岡宏光,-,-,"The Secret（ザ・シークレット）を購入すると仮想通貨取引所でアカウントを開設するように斡旋されます。
アカウントを開設すると運用の原資となるビットコインを当該仮想通貨取引所に送金させますが，当該取引所では，「1年間は出金ができない」という制限が課されます。
 
しかし，実は，その仮想通貨取引所は偽物の仮想通貨取引所である事実が判明しています。つまりビットコインを詐取するための一手段としてThe Secret（ザ・シークレット）は販売されています。
 
なお，無登録で，業務として仮想通貨の運用を代理する営業行為は資金決済法に違反します。
 
※被害に遭われた方は当法人までご相談ください。
 
"
https://www.wise-agent.com/%e3%83%ad%e3%83%88%e5%b7%9d%e5%b3%b6%e5%a1%be%e3%83%ad%e3%83%88%e8%a9%90%e6%ac%ba%e4%bc%9a%e7%a4%be/,ロト川島塾ロト詐欺会社,ロト6詐欺,ロトビルド（LOTO Build）,〒123-4567 東京都中央区銀座7-13-6,佐藤一郎,03-4431-1449,info@loto6-build.com,"ロト６の当選番号を教えると言って，供託金，または保証金名目で現金を詐取する。
"
https://www.wise-agent.com/%e6%9d%be%e6%9d%91%e3%83%86%e3%82%af%e3%83%8e%e3%83%ad%e3%82%b8%e3%83%bc%e5%89%af%e6%a5%ad%e8%a9%90%e6%ac%ba%e4%bc%9a%e7%a4%be/,松村テクノロジー副業詐欺会社,副業・在宅ワーク詐欺,ロトビルド（LOTO Build）,〒123-4567 東京都中央区銀座7-13-6,佐藤一郎,03-4431-1449,info@loto6-build.com,"ロト６の当選番号を教えると言って，供託金，または保証金名目で現金を詐取する。
"
https://www.wise-agent.com/digital-asset-technologies%e3%81%ab%e9%96%a2%e3%81%99%e3%82%8b%e6%83%85%e5%a0%b1%e6%8f%90%e4%be%9b%e3%82%92%e6%b1%82%e3%82%81%e3%81%be%e3%81%99/,Digital Asset Technologiesに関する情報提供を求めます,仮想通貨詐欺,デジタルアセットテクノロジー,"1650 Technology Drive, San Jose, California 95110 USA",不明,03-6912-5744,admin@arbitsystem.com,"ARBITSYSTEMというビットコインを自動売買取引するシステムを提供する会社。
外国企業を装っているが事業主体は日本に存在すると思われます。。
当法人では，株式会社ビットスパイア及びBITPRIMUS運営者を，通常の詐欺罪により刑事告訴する準備を進めてきましたが，関係者の証言や証拠を検証するところ，通常の詐欺ではなく，より重たい刑罰が科せられる組織的詐欺罪の成立余地があると判断しました。
デジタルアセットテクノロジーも何らかの形でビットスパイア及びBITPRIMUSに関与している可能性があるため，デジタルアセットテクノロジーによる被害情報を求めています。
被害者の方のご協力をお願い致します。
"
https://www.wise-agent.com/%e9%bb%92%e6%be%a4%e6%98%87%e3%80%8a%e9%87%91%e3%81%ae%e5%b0%8f%e6%a7%8c%e3%80%8b%e8%a2%ab%e5%ae%b3%e7%9b%b8%e8%ab%87%e5%8f%97%e4%bb%98%e4%b8%ad/,黒澤昇《金の小槌》被害相談受付中,FX投資詐欺,株式会社ジェイピーテック,岡山県倉敷市安江62番地3,黒澤昇,-,info@kinnokoduchi.biz,"黒澤昇は，『毎週20万円の現金がその場で手に入る』として「金の小槌 KIN no KOZUCH」販売しています。さらに 維持費名目でTREASURE SHIP MEMBERSというバックエンド商品を勧誘されます。
サービスの実体は，XM証券での自動売買ツール。
被害者がXM証券で取引をする毎に黒澤昇には手数料が入る仕組み。店頭デリバティブ取引の投資判断の提供に該当する，すなわち金融商品取引業の無登録に該当すると思われます。
黒澤昇《金の小槌》の被害相談は当法人までご相談ください。
 
 
 
"
https://www.wise-agent.com/%e4%b8%80%e5%ae%ae%e5%b8%82%e5%9c%a8%e4%bd%8f%e8%87%aa%e7%a7%b0%e3%80%8e%e9%ab%98%e6%9e%97%e3%82%a4%e3%83%84%e3%82%ad%e3%80%8f%e3%81%ab%e9%96%a2%e3%81%99%e3%82%8b%e6%83%85%e5%a0%b1%e6%8f%90%e4%be%9b/,【IN GROUPE】高林イツキに関する情報提供,情報商材,IN GROUPE　LUC888&evolution,一宮市、名古屋市、岐阜県,自称高林イツキ,不明,不明,"訳あって『高林いつき』という人物の身元を確認したいのですが，本名かどうかも分かりません。愛知県か岐阜県に住んでいると思われます。職業は，オンラインカジノ（https://luc888.co/）という日本国内では違法行為である賭博行為に関するコンサルティング業務をしているようです。
 
『高林いつき』ご存知の方は些細なことでもいいので情報を提供されたいです。
氏名　高林いつき
居所　愛知県一宮市，名古屋又は岐阜県と推定
職業　LUC888&evolutionの運営管理（https://t.me/LUC888_ingroup）
　　　（絶対に何があっても登録しないください。↑）
　　　情報商材等の販売もしている。
愛車　マセラッティ（色シルバー　内装色赤）
属性　上から下までオールブランド主義でお金持アピールが痛いほど激しい　
座右の銘は『全てを超越』とのこと。
 
 
これはあくまでも余談ですが，LUC888&evolutionが会員に紹介しているコイン買取業者(会員でもある)が，会員からオンラインカジノのコインを騙し取るという詐欺事件が発生し，その買取業者は現在音信不通。個人のコイン買取業者はほぼ全部が詐欺師なので注意してください。（※決して『高林いつき』が詐欺の犯人などとは言っているのではありません。）
 

 
（投稿欄に『被害内容』と表示されていますが，本投稿記事では詐欺被害に遭ったと暗黙に述べてるわけではなく，記事の内容以外に意図はなく，余談部分は本記事の趣旨とは関係がありません。）
 


 
 
 

 

 

 
"
https://www.wise-agent.com/%e6%a0%aa%e5%bc%8f%e4%bc%9a%e7%a4%be%e3%82%b8%e3%83%91%e3%83%b3%e3%82%b0%e3%80%8e%e9%87%91%e3%81%a8%e9%8a%80%e3%83%97%e3%83%ad%e3%82%b8%e3%82%a7%e3%82%af%e3%83%88%e3%80%8f%e8%a9%90%e6%ac%ba%e8%a2%ab/,株式会社ジパング『金と銀プロジェクト』返金実績有り,その他投資詐欺,株式会社ジパング（旧アドバンスドキャピタル）,東京都千代田区内神田1-18-11東京ロイヤルプラザ８１１,代表取締役　高橋五郎　　,-,-,"【被害事例】田中保彦が主役の仮想通貨詐欺。『金と銀プロジェクト』は金と銀のアービトラージ。被害者続出で炎上中。株式会社ジパングの決済代行業務は「株式会社ＰＣＩＮＳ」という決済代行会社。
そしてＰＣＩＮＳの代理店が『株式会社Aty』Atyは主に情報商材業者の決済代行業務を引き受けている代理店で，「平田篤史」「大塚智洋」など与沢翼の元関係者らが運営している。そのAtyがジパングと提携して決済代行業務の一役を担っているらしい。ＰＣＩＮＳのウェブサイト(http://pcins.jp/)には，ジパングの対応で電話サポートが込み合っているというコメントが掲載されていることから相当数の被害者がいると思われる。
 
※ジパングの被害は返金実績がある当法人までご相談ください。
【刑事告発着手のお知らせ】現在複数の被害者より相談を受けておりましたが被害回復の見込みがないなど犯情悪質であり，被害者も関係者に対する刑事処罰を求めているため，当法人が委託している行政書士に刑事告発を委託することになりました。罪状は明らかにできませんが，被告訴人は株式会社ジパング代表取締役，田中保彦になりますが，与沢翼の元弟子F氏も幇助犯として被告発人に含めるか検討しております。被害者の方の情報提供を求めておりますので，田中保彦らの刑罰を求めたい方は何卒ご協力ください。
 
 
 
"
https://www.wise-agent.com/%e6%a0%aa%e5%bc%8f%e4%bc%9a%e7%a4%beferix%e8%bf%94%e9%87%91%e7%9b%b8%e8%ab%87%e7%aa%93%e5%8f%a3/,株式会社ferix返金相談窓口,情報商材,真似っこビジネス,東京都新宿区天神町68 グランディール402,坂本 歩実,-,-,"「画像選択がベースの簡単な作業でお金を稼げる」という虚偽の広告をウェブサイトに表示して契約金名目で現金を交付させる被害が続出しています。
「画像選択がベースの簡単な作業なので機械操作が苦手でも稼げる」「たった数秒間の作業でも10 万円20 万円100 万円と現実的に稼ぐことが可能」「今なら５万円誰でも受け取ってもらえます」上記の広告は虚偽であり，そのような収益を得ることはできません。
※被害に遭われた方は当法人までご相談ください。
"
https://www.wise-agent.com/%e3%80%90%e7%94%b0%e4%b8%ad%e3%81%b2%e3%82%8d%e3%81%97%e3%80%91%e3%83%88%e3%83%aa%e3%83%83%e3%82%af%e3%82%a6%e3%82%a9%e3%83%ac%e3%83%83%e3%83%88%e8%bf%94%e9%87%91%e7%9b%b8%e8%ab%87/,【田中ひろし】トリックウォレット返金相談,情報商材,バイト株式会社,東京都武蔵野市吉祥寺本町1-26-4 2F,-,03-6304-0080     03-6304-0024,info@wallet0080.jp,"トリックウォレットを契約するとアフィリエイトに関する業務が提供されるため，業務提供誘因販売取引に該当します。また，電話による勧誘が行われるので電話勧誘販売にも該当しますが，販売店はクーリングオフに関する法定書面を交付していません。
トリックウォレットとは別の販売会社になりますが，「株式会社Quest」が提供する「タップイズマネー」については，当法人が特定商取引法６０条に規定する申出書を消費者庁に提出して，消費庁は注意喚起を発する措置をしています。その販売・宣伝手法はトリックと極めて類似しています。具体的には，まず最初に１万円台の安い商材を販売し，その商材において「電話相談予約フォーム」を表示をして消費者に電話相談予約をさせて，その電話相談に乗じて高額商品の勧誘をしてそのままクレジット決済をするというスキームですが，このような販売方法が主流となっているようです。
 
※返金対策は当法人までご相談ください。
 
"
https://www.wise-agent.com/%e3%80%90ic%e3%83%a9%e3%83%b3%e3%83%89%e3%83%95%e3%82%af%e3%83%a2%e3%83%88%e3%80%91%e8%a2%ab%e5%ae%b3%e7%9b%b8%e8%ab%87%e4%b8%8a%e3%81%91%e4%b8%ad%e3%80%90%e7%a6%8f%e5%85%83-%e6%b4%8b%e4%ba%8c/,【ICランドフクモト】被害相談上け中【福元 洋二】,オークション詐欺,ICランドフクモト,-,福元 洋二,-,-,"輸入転売コンサルタント，及び転売商品を販売するが納品されない。
"
https://www.wise-agent.com/%e3%80%90%e5%95%86%e5%93%81%e5%8f%96%e3%82%8a%e8%be%bc%e3%81%bf%e8%a9%90%e6%ac%ba%e3%80%91%e4%bc%8a%e8%97%a4%e7%ab%9c%e4%b9%9f%ef%bc%88%e3%82%a4%e3%83%88%e3%82%a6%e3%82%bf%e3%83%84%e3%83%a4%ef%bc%89/,【商品取り込み詐欺】伊藤竜也（イトウタツヤ）,商品取り込み詐欺,伊藤竜也（イトウタツヤ）,東京都文京区本駒込,-,080-7898‐7701，080-3919-1584,-,"後払いで購入できる通販業者から商品を購入して代金を支払わないとう被害が続出していますのでご注意ください。
"
https://www.wise-agent.com/%ef%bc%88%e5%9c%9f%e5%b1%8b%e6%b5%a9%e4%b8%80%e3%81%aethe-vision%ef%bc%89%e3%82%ab%e3%83%bc%e3%83%89%e8%a9%90%e6%ac%ba%e3%81%ab%e8%a6%81%e6%b3%a8%e6%84%8f/,（土屋浩一のTHE VISION）カード詐欺に要注意,その他投資詐欺,合同会社エヌジェイ ,岐阜県岐阜市水主町１丁目１５８番地４ メゾン 水主町５０３号室,土屋浩一,050-5433-2357,info@the-vision.biz.,"【当法人が確認した土屋浩一のTHE VISIONの販売手口】
「サポート費用として２万円必要なので試しにカード決済してみましょう。」と言って複数のカード情報を聞き出します。
その後，サナダまたは土屋を名乗る男性から電話勧誘があり，「システムに当選した。サポート費用が必要だ。」と言って契約を持ち掛ける。この際金額は「５０万円位」と曖昧な額を提示される。
その後49万8千円のクレジットカード決済が無断で行われ，その後も20万円の身に覚えのない課金が計上される。
 
【違法性について】
カード情報を聞きだして無断で決済処理をすると所謂カード詐欺に該当します。
THE VISIONの場合，最初の２万円については被害者が自らカード情報を伝えているので不正利用（カード詐欺）には該当しません。
しかし，その後の決済について，THE VISIONが以前に知った顧客のカード情報を利用して無断で決済処理をして課金請求した場合はカード詐欺に該当します。
 
 
無数にある情報商材の中でもTHE VISIONは危険性は突出しています。
※被害に遭われた方は当法人までご相談ください。
クレジッカード決済を強制取消させる法的手続により被害救済が図れます。
 
 
"
https://www.wise-agent.com/%e3%81%82%e3%82%86%e3%81%bf%e3%82%ad%e3%83%a3%e3%83%83%e3%82%b7%e3%83%a5%e3%82%af%e3%83%a9%e3%83%96%e8%a9%90%e6%ac%ba%e8%a2%ab%e5%ae%b3%e9%80%9f%e5%a0%b1/,あゆみキャッシュクラブ詐欺被害速報,仮想通貨詐欺,株式会社アコール,東京都新宿区西新宿6丁目8番1号‐2F,滝沢快,-,info@ft-working.com,"株式会社アコールは，株式会社ビットスパイアを代理店として，ビットコインの運用で月利は最低10%を謡ってビットコインを詐取するという組織的に詐欺を行う会社。
償還は１年後からということですが，BITPRIMUSのビットコイン保有残高がゼロになるという被害が続出しています。
現在ビットスパイアを詐欺罪及び組織犯罪処罰法により告訴状を提出する段階ですが，あゆみキャッシュクラブこと株式会社アコールも犯罪構成団体の一部とみています。
 
被害者の方は当法人までご相談ください。
 
 
"
https://www.wise-agent.com/%e6%a0%aa%e5%bc%8f%e4%bc%9a%e7%a4%bequattro-solutions%e3%80%90%e8%a2%ab%e5%ae%b3%e6%83%85%e5%a0%b1%e6%b1%82%e3%82%80%e3%80%91/,株式会社Quattro Solutions【被害情報求む】,副業・在宅ワーク詐欺,クアトロソリューションズ,東京都板橋区南町３７番３号,米田隆晟,-,-,"代表取締役米田隆晟を筆頭に，石田真之助介，山本雄大らで構成されるインターネットビジネスのコンサルティングを行うグループ。
ターゲットに消費者金融で融資を受けさせて高額契約金を要求し，クーリングオフに応じないなどの被害が急増中。なお，石田真之助介は「ＩＤＰ（アイディーピー）」という屋号でも同様のビジネスを行っている。なお，石田真之介と部下の菅井航平は，知的障碍者に消費者金融に借りさせて契約金を領得する外道。
※当法人からのお願い株式会社Quattro Solutions及び株式会社ＩＤＰ（代表取締役石田真之介）の売上はすべて現金集金のため，税務署は捕捉できません。税務当局に，クアトロ及びＩＤＰの売上を捕捉させるため，被害者の皆様は，契約書のコピーを国税局に送付してください。（送付先）〒104-8449　東京都中央区築地5丁目3番1号東京国税局課税第一部　統括国税実査官（資料情報）宛
 
詐欺ということではありませんが，クーリングオフ拒否などの被害に遭われた方はご相談ください。
"
https://www.wise-agent.com/%e6%a0%aa%e5%bc%8f%e4%bc%9a%e7%a4%be%e3%82%aa%e3%83%b3%e3%82%a8%e3%83%86%e3%83%bc%e3%83%88%e3%81%ae%e9%81%95%e6%b3%95%e8%a1%8c%e7%82%ba/,【注意喚起】オン･エステートの違法行為,悪徳商法,株式会社オン･エステート,東京都渋谷区道玄坂1丁目,-,03-3477-1221,-,"株式会社オン･エステート
登録番号　東京都知事(2)第80111号
 
不動産賃貸においては、宅建士が重要事項の説明をしなければいけませんが、当然重要事項説明において虚偽事実を記載したり説明すると宅建業法第83条により罰金刑を課されることになります。
株式会社オン･エステートでは、賃貸物件の契約において虚偽の重要事項説明をしている疑いが確認できたため注意喚起をします。
【違法の事実関係】
１．個人事業者であるAは、を営業事務所として使用するため、株式会社オン･エステートが管理するマンションの一室の賃貸契約を締結した。当該物件には、一応形式的にはトイレと一体になった浴室（ユニットバス）があるものの、ガスが通っていないためお湯が出ないことと、シャワーホースが設置されておらず、洗面台の水道栓から浴槽に水を張ることができないため、実体としては浴室としては機能は備わっていないかった。
この点、宅建業法では、重要事項説明においては『台所、浴室、トイレ等』についての説明をする義務が定められているが、株式会社オン･エステートの宅建士はシャワーホースがないことを説明しなかった。
また、ユニットバスはシャワーが外されているため、実際にはトイレとしての機能しか備わっていないので、重要事項説明においては、『浴室なし』または『浴室使用不能』と記載しなければならないが、株式会社オン･エステートの宅建士は『浴槽あり』などと、あたかも浴室として使用できると誤操を招くいう不適法な記載をして、使用できないものを使用できるという虚偽の記載をした。
この点、シャワーのみで浴槽がない浴室も存在するため、『浴槽あり』という説明を『浴室使用不能』と解釈することは到底不可能である。
また、『浴室』というからには、実際に浴室として使用できる状態になければならないが、シャワー等を設置せず、たんに浴槽を置いただけの個室は『浴室』とはいえない。
 
２．この点について、株式会社オン･エステートのMは、
『シャワーがなくても洗面台からタライに水を溜めれば浴室として使用できるだろう。』
『内覧の際にシャワーがないのを確認したのだから何も問題ない。』
と奇想天外な釈明をしている。
ちなみに内覧の際には浴室が使用不能であることの確認はしていないが、仮に確認をしていたとしても重要事項説明を省くことは法律上許されることではない。なお、Mは一応宅建の資格を数回受験している受験生であるが、これでは合格は無理だろう。
 
賃借人は、重要事項説明の内容について、株式会社オン･エステートの宅建士から直接釈明を受ける目的で、宅建士に取り次ぐように担当社員Mに求めたが、Mは頑なにこれを拒否する。
（何か不都合なことでもあるのだろうか・・）
 
３．物件の一部が使用不能である場合は、民法第611条により賃料は当然に減額されることになるが、賃借人は大家に対して浴室が使用できない部分について賃料減額請求を通知したことで民事紛争が発生する。
（通常減額の範囲は当事者に協議で定めることになる）
しかし、大家が減額請求に一切応じないことからさらに民事紛争が激化する。
賃借人としては、紛争の原因は株式会社オン･エステートの宅建士が重要事項説明で虚偽の説明をしたことが原因であると主張し、Mに苦情を申し立てる。
 
４．その後、Mの上司を名乗る人物が登場するが、およそ堅気の者とは思えないような凄みの利いた話口調であった。
Mの上司は、『言いたいことがあるなら書面で送ってこい。』と語気鋭く言い放ち、一方的に電話を切った。
『普通の会社』なら一方的に電話を切るようなことはしない。
以上
 
株式会社オン･エステートでは、物件の重要事項説明が曖昧であったり事実反する内容が記載されているため、これから株式会社オンエステートの管理物件を契約する際は一定の注意が必要です。
"
https://www.wise-agent.com/%e3%82%a2%e3%83%b3%e3%82%b5%e3%83%bc%e3%82%ba-com%e8%a2%ab%e5%ae%b3%e9%80%9f%e5%a0%b1/,アンサーズ.com被害速報,情報商材,一般社団法人日本統計機構,-,神山雄一,-,-,"アンサーズ.comの事業内容は，アンケートサイトで簡単なアンケートに答えるだけで法外な報酬が得られるという極めて詐欺性の高い役務を提供している。
報酬が発生しているが，支払われないという被害が続出。
アンサーズ.comの役務は返金請求が可能です。
 
詳しくはお電話かメールにてご相談ください。
 
"
https://www.wise-agent.com/%e6%97%a5%e9%ab%98%e5%8d%83%e5%b0%8b/,【FX投資コンサル】日高千尋　被害相談受付中,FX投資詐欺,日高千尋 ,-,-,-,-,"facebookなどSNSで接近してFXコンサル名目で現金を交付させるという手口での被害急増中。
被害に遭われた方は当センターまでご相談ください。
"
https://www.wise-agent.com/%e3%80%90%e8%a9%90%e6%ac%ba%e3%83%bb%e5%91%8a%e7%99%ba%e3%80%91%e6%a0%aa%e5%bc%8f%e4%bc%9a%e7%a4%be%e3%82%af%e3%83%aa%e3%82%a8%e3%82%a4%e3%83%86%e3%82%a3%e3%83%96%e3%83%8a%e3%83%ac%e3%83%83%e3%82%b8/,【詐欺・告発】株式会社クリエイティブナレッジ【佐々木啓太】,副業・在宅ワーク詐欺,LINE INFINITY CLUB, 東京都渋谷区本町4丁目8番17号,佐々木啓太,080-5579-3846,-,"株式会社クリエイティブナレッジ（代表　佐々木啓太）による消費者被害急増中につきご注意ください。
販売商品：LINE 300 Project(ライン スリーハンドレッド プロジェクト)
一般コースとエリートコースがあり，高額のエリートコース限っては料金だけ取ってほぼ何も提供されないという被害相談が急増中。
被害者の方は当方までご相談ください。
 
 
"
https://www.wise-agent.com/%e3%80%90%e4%bd%90%e3%80%85%e6%9c%a8%e5%95%93%e5%a4%aa%e3%80%91line300%e3%83%97%e3%83%ad%e3%82%b8%e3%82%a7%e3%82%af%e3%83%88%e3%80%80%e5%88%91%e4%ba%8b%e5%91%8a%e7%99%ba%e3%81%ab%e3%81%a4%e3%81%8d/,【佐々木啓太】LINE300プロジェクト　刑事告発につき,情報商材,株式会社クリエイティブナレッジ,東京都渋谷区本町4-8-17,佐々木啓太,-,-,"株式会社クリエイティブナレッジは「LINE　INFINITYCLUB（LINE300）」を運営する会社で資本金は１円(笑)
LINE300のフロント商品は一応サービス提供がされていますが，高額バックエンド商品である「エリートコース」は代金だけ搾取してサービス提供は何もされていないらしい。（ただし一部の者には提供されているらしい。）
当法人では，エリートコースについては詐欺にあたるものと判断し，佐々木啓太と同人に加担した関係者につうて刑事告発を検討していますので，エリートコースの被害者の方に証拠資料のご提供をお願いしております。
被害者の皆様のご協力をお願い申し上げます。
"
https://www.wise-agent.com/%e3%80%90%e4%bb%ae%e6%83%b3%e9%80%9a%e8%b2%a8%e8%a9%90%e6%ac%ba%e5%95%86%e6%b3%95%e3%80%91%e3%83%81%e3%83%bc%e3%83%a0%e3%82%af%e3%83%aa%e3%83%97%e3%83%88%e3%82%ae%e3%83%95%e3%83%88%e3%82%b8%e3%83%a3/,【仮想通貨詐欺商法】チームクリプトギフトジャパン被害対策,情報商材,アメージングコンサルティング合同会社,大阪市此花区西九条3-13-3,大塚文雄,050-5213-7665,info@cryptogift-japan.net,"TEAM CRYPT GIFT JAPANは典型的な仮想通貨詐欺商法。
「国家公認プロジェクト」「大塚文雄さんという方で、日本でも数少ない世界に認められているトップトレーダーです。」
などという嘘により消費者を騙して，自動売買ツールを法外な価格で販売するという手口。
銀行振込を思い止まり，申し込みをキャンセルした顧客には，
「訴訟請求するぞ」
と恫喝して執拗に契約代金を請求されるという事案が確認できています。
 
被害に遭われた方は当法人までご相談ください。
 
"
